athlete_or_team,birthplace_county,confidence,source,notes
Naftali Temu,Nyamira,high,wikipedia:Naftali_Temu,"Born 20 April 1945, Nyamira; Gusii community"
Abel Kiprop Mutai,,low,wikipedia:Abel_Kiprop_Mutai,( 1988-10-02 ) 2 October 1988 (age 37)
Abel Kirui,,low,wikipedia:Abel_Kirui,( 1982-04-06 ) 6 April 1982 (age 44)
Abraham Kibiwot,Uasin Gishu,high,wikipedia:Abraham_Kibiwot,"( 1996-06-04 ) 4 June 1996 (age 30) Uasin Gishu , Kenya"
Alfred Kirwa Yego,,low,wikipedia:Alfred_Kirwa_Yego,"( 1986-11-28 ) 28 November 1986 (age 39) Eldoret , Kenya"
Amos Biwott,Nandi,high,wikipedia:Amos_Biwott,"8 September 1947 ( 1947-09-08 ) (age 78) Nandi, Kenya"
Asbel Kiprop,,low,wikipedia:Asbel_Kiprop,"( 1989-06-30 ) 30 June 1989 (age 37) Keiyo District , Kenya"
Beatrice Chebet,Kericho,high,wikipedia:Beatrice_Chebet,"( 2000-03-05 ) 5 March 2000 (age 26) [ 1 ] Kericho , Kenya [ 1 ]"
Benjamin Kigen,,low,wikipedia:Benjamin_Kigen,"( 1993-07-05 ) July 5, 1993 (age 33)"
Benson Kipruto,Nandi,high,wikipedia:Benson_Kipruto,"( 1991-03-17 ) 17 March 1991 (age 35) Tolilet, Nandi County , Kenya"
Bernard Lagat,,low,wikipedia:Bernard_Lagat,"December 12, 1974 ( 1974-12-12 ) (age 51) Kapsabet , Kenya"
Boniface Mucheru,,low,wikipedia:Boniface_Mucheru,"( 1992-05-02 ) 2 May 1992 (age 34) Laikipia District , Kenya"
Brigid Kosgei,,low,wikipedia:Brigid_Kosgei,"( 1994-02-20 ) 20 February 1994 (age 32) Sinon, Kapsowar , Kenya"
Brimin Kipruto,,none,,birthplace not found on Wikipedia
Catherine Ndereba,,low,wikipedia:Catherine_Ndereba,"Wincatherine Nyambura Ndereba ( 1972-07-21 ) 21 July 1972 (age 54) Nyeri , Kenya"
Chris Sande,,low,wikipedia:Chris_Sande,10 February 1964 ( 1964-02-10 ) (age 62)
Conseslus Kipruto,,low,wikipedia:Conseslus_Kipruto,"( 1994-12-08 ) 8 December 1994 (age 31) Eldoret , Kenya"
David Rudisha,,low,wikipedia:David_Rudisha,"David Lekuta Rudisha [ 1 ] ( 1988-12-17 ) 17 December 1988 (age 37) [ 1 ] Kilgoris , Narok County , Kenya [ 1 ]"
Douglas Wakiihuri,,none,,birthplace not found on Wikipedia
Edwin Cheruiyot Soi,Kericho,high,wikipedia:Edwin_Cheruiyot_Soi,"( 1986-03-03 ) 3 March 1986 (age 40) Kericho , Kenya"
Eliud Kipchoge,Nandi,high,wikipedia:Eliud_Kipchoge,"( 1984-11-05 ) 5 November 1984 (age 41) [ 1 ] Kapsisiywa, Rift Valley Province , Kenya (today in Nandi County ) [ 1 ]"
Emmanuel Korir,Elgeyo-Marakwet,high,wikipedia:Emmanuel_Korir,"( 1995-06-15 ) 15 June 1995 (age 31) Iten , Elgeyo-Marakwet County , Kenya"
Emmanuel Wanyonyi,Trans Nzoia,medium,wikipedia:Emmanuel_Wanyonyi,"1 August 2004 ( 2004-08 ) (age 22) Kapretwa, Trans-Nzoia County , Kenya"
Erick Wainaina,,none,,birthplace not found on Wikipedia
Eunice Jepkorir,,none,,birthplace not found on Wikipedia
Ezekiel Kemboi,,low,wikipedia:Ezekiel_Kemboi,"( 1982-05-25 ) 25 May 1982 (age 44) [ 1 ] Matira , Rift Valley Province , Kenya [ 1 ]"
Faith Cherotich,Kericho,high,wikipedia:Faith_Cherotich,"( 2004-07-13 ) 13 July 2004 (age 22) Kericho County , Kenya"
Faith Kipyegon,Nakuru,high,wikipedia:Faith_Kipyegon,"( 1994-01-10 ) 10 January 1994 (age 32) [ 1 ] Nakuru , Rift Valley Province , Kenya"
Ferguson Rotich,Kericho,high,wikipedia:Ferguson_Rotich,"( 1989-11-30 ) 30 November 1989 (age 36) Kericho , Kenya"
Fred Onyancha,,none,,birthplace not found on Wikipedia
Hellen Obiri,Kisii,high,wikipedia:Hellen_Obiri,"( 1989-12-13 ) 13 December 1989 (age 36) Kisii , Kenya"
Hyvin Jepkemoi,,low,wikipedia:Hyvin_Jepkemoi,( 1992-01-13 ) 13 January 1992 (age 34)
Hyvin Kiyeng Jepkemoi,,low,wikipedia:Hyvin_Kiyeng_Jepkemoi,( 1992-01-13 ) 13 January 1992 (age 34)
Ibrahim Bilali,,none,,birthplace not found on Wikipedia
Isabella Ochichi,,none,,birthplace not found on Wikipedia
Janeth Jepkosgei,,low,wikipedia:Janeth_Jepkosgei,"Janeth Jepkosgei Busienei ( 1983-12-13 ) 13 December 1983 (age 42) Kabirirsang , Kenya"
Jemima Sumgong,Nandi,high,wikipedia:Jemima_Sumgong,"( 1984-12-21 ) 21 December 1984 (age 41) Nandi District, Kenya"
John Ngugi,,low,wikipedia:John_Ngugi,1962-05-10
Joseph Keter,Nandi,high,wikipedia:Joseph_Keter,"( 1969-06-03 ) 3 June 1969 (age 57) Lessos, Nandi, Kenya"
Joyce Chepchumba,,none,,birthplace not found on Wikipedia
Julius Kariuki,,none,,birthplace not found on Wikipedia
Julius Korir,Nandi,high,wikipedia:Julius_Korir,"21 April 1960 ( 1960-04-21 ) (age 66) Nandi , Kenya"
Julius Yego,,low,wikipedia:Julius_Yego,"( 1989-01-04 ) January 4, 1989 (age 37) Cheptonon, Rift Valley Province , Kenya"
Kipchoge Keino,Nandi,high,wikipedia:Kipchoge_Keino,"( 1940-01-17 ) 17 January 1940 (age 86) [ 2 ] Kipsamo, Nandi, Rift Valley, Kenya [ 1 ]"
Kipkemboi Kimeli,,none,,birthplace not found on Wikipedia
Linet Masai,,low,wikipedia:Linet_Masai,"5 December 1989 ( 1989-12-05 ) (age 36) Kapsokwony , Mount Elgon District , Kenya"
Margaret Wambui,,low,wikipedia:Margaret_Wambui,"( 1995-09-15 ) 15 September 1995 (age 30) Nyeri , Kenya [ 1 ]"
Mary Moraa,Kisii,high,wikipedia:Mary_Moraa,"( 2000-06-15 ) 15 June 2000 (age 26) Obwari, Nyanza Province , Kenya (now Kisii County , Kenya)"
Matthew Birir,,none,,birthplace not found on Wikipedia
Micah Kogo,Uasin Gishu,high,wikipedia:Micah_Kogo,"( 1986-06-03 ) 3 June 1986 (age 40) Burnt Forest, Uasin Gishu District , Kenya"
Mike Musyoki,,low,wikipedia:Mike_Musyoki,"( 1956-05-28 ) May 28, 1956 (age 70)"
Milcah Chemos Cheywa,,none,,birthplace not found on Wikipedia
Moses Kiptanui,,low,wikipedia:Moses_Kiptanui,"1 October 1970 ( 1970-10 ) (age 55) Marakwet District , Kenya"
Nancy Jebet Lang'at,,none,,birthplace not found on Wikipedia
Nixon Kiprotich,,low,wikipedia:Nixon_Kiprotich,"( 1962-12-04 ) December 4, 1962 (age 63)"
Noah Ngeny,Uasin Gishu,high,wikipedia:Noah_Ngeny,"( 1978-11-02 ) 2 November 1978 (age 47) [ 1 ] Uasin Gishu District , Kenya"
Pamela Jelimo,Nandi,high,wikipedia:Pamela_Jelimo,"5 December 1989 ( 1989-12-05 ) (age 36) Nandi District , Rift Valley Province , Kenya"
Patrick Sang,Nandi,high,wikipedia:Patrick_Sang,"( 1964-04-11 ) 11 April 1964 (age 62) Kapsisiywa , Nandi District , Kenya"
Paul Bitok,,none,,birthplace not found on Wikipedia
Paul Ereng,,low,wikipedia:Paul_Ereng,"( 1966-08-22 ) 22 August 1966 (age 59) Kitale , Kenya"
Paul Kipsiele Koech,,none,,birthplace not found on Wikipedia
Paul Tanui,,none,,birthplace not found on Wikipedia
Paul Tergat,,none,,birthplace not found on Wikipedia
Pauline Konga,,none,,birthplace not found on Wikipedia
Peres Jepchirchir,,low,wikipedia:Peres_Jepchirchir,"( 1993-09-27 ) 27 September 1993 (age 32) Turbo, Kenya"
Peter Koech,,none,,birthplace not found on Wikipedia
Peter Rono,,none,,birthplace not found on Wikipedia
Priscah Jeptoo,Nandi,high,wikipedia:Priscah_Jeptoo,"( 1984-06-26 ) 26 June 1984 (age 42) Nandi , Kenya"
Reuben Kosgei,,none,,birthplace not found on Wikipedia
Richard Chelimo,,none,,birthplace not found on Wikipedia
Richard Mateelong,,none,,birthplace not found on Wikipedia
Robert Wangila,,low,wikipedia:Robert_Wangila,3 September 1966
Ronald Kwemoi,,low,wikipedia:Ronald_Kwemoi,"( 1995-09-19 ) 19 September 1995 (age 30) Mount Elgon District , Bungoma County , Kenya"
Sally Kipyego,,low,wikipedia:Sally_Kipyego,"( 1985-12-19 ) 19 December 1985 (age 40) Kapsowar , Marakwet District , Kenya"
Samson Kitur,,none,,birthplace not found on Wikipedia
Samuel Wanjiru,,low,wikipedia:Samuel_Wanjiru,"( 1986-11-10 ) 10 November 1986 Nyahururu , Kenya"
Stephen Kipkorir,,low,wikipedia:Stephen_Kipkorir,( 1970-10-24 ) 24 October 1970
Sylvia Kibet,,none,,birthplace not found on Wikipedia
Thomas Longosiwa,,low,wikipedia:Thomas_Longosiwa,( 1982-01-14 ) 14 January 1982 (age 44)
Timothy Cheruiyot,Bomet,high,wikipedia:Timothy_Cheruiyot,"( 1995-11-20 ) 20 November 1995 (age 30) Bomet , Kenya"
Timothy Kitum,,low,wikipedia:Timothy_Kitum,( 1994-11-20 ) 20 November 1994 (age 31) Kapsowar
Vivian Cheruiyot,,low,wikipedia:Vivian_Cheruiyot,"( 1983-09-11 ) 11 September 1983 (age 42) Keiyo , Rift Valley , Kenya [ 1 ]"
Wilfred Bungei,,low,wikipedia:Wilfred_Bungei,"Wilfred Kipkemboi Bungei ( 1980-07-24 ) 24 July 1980 (age 46) Kabirirsang , Kenya"
William Mutwol,,none,,birthplace not found on Wikipedia
William Tanui,Nandi,high,wikipedia:William_Tanui,"( 1964-02-22 ) 22 February 1964 (age 62) Kemeloi, Nandi, Kenya"
Wilson Boit Kipketer,,none,,birthplace not found on Wikipedia
Wilson Kiprugut,Kericho,high,wikipedia:Wilson_Kiprugut,"1938 ( 1938 ) Kericho , British Kenya"
Wilson Kipsang,,low,wikipedia:Wilson_Kipsang,"( 1982-03-15 ) 15 March 1982 (age 44) Keiyo District , Kenya"
